URL,Status,Size,Redirection
https://demo.aisec.cn:443/.admin,200,371,
https://demo.aisec.cn:443/.bowerrc,200,371,
https://demo.aisec.cn:443/.backup,200,371,
https://demo.aisec.cn:443/.all-contributorsrc,200,371,
https://demo.aisec.cn:443/.babelrc.cjs,200,371,
https://demo.aisec.cn:443/php.old,200,371,
https://demo.aisec.cn:443/jsp,200,371,
https://demo.aisec.cn:443/js,200,371,
https://demo.aisec.cn:443/.canna,200,371,
https://demo.aisec.cn:443/html.zip,200,371,
https://demo.aisec.cn:443/.cache-main,200,371,
https://demo.aisec.cn:443/.access,200,371,
https://demo.aisec.cn:443/.bash_logout,200,371,
https://demo.aisec.cn:443/.catalog,200,371,
https://demo.aisec.cn:443/.cabal-sandbox/,200,371,
https://demo.aisec.cn:443/js.php,200,371,
https://demo.aisec.cn:443/do.old,200,371,
https://demo.aisec.cn:443/jsp.bak,200,371,
https://demo.aisec.cn:443/.adm,200,371,
https://demo.aisec.cn:443/.binstar.yml,200,371,
https://demo.aisec.cn:443/..;/,200,371,
https://demo.aisec.cn:443/.ashx,200,371,
https://demo.aisec.cn:443/.bak,200,371,
https://demo.aisec.cn:443/.bower-registry,200,371,
https://demo.aisec.cn:443/.appledesktop,200,371,
https://demo.aisec.cn:443/.bz2,200,371,
https://demo.aisec.cn:443/+cscot+/translation-table?type=mst&textdomain=/%2bcscoe%2b/portal_inc.lua&default-language&lang=../,200,371,
https://demo.aisec.cn:443/.bluemix/pipeline.yml,200,371,
https://demo.aisec.cn:443/.bash_profile,200,371,
https://demo.aisec.cn:443/.bumpversion.cfg,200,371,
https://demo.aisec.cn:443/.atom/config.cson,200,371,
https://demo.aisec.cn:443/html.php,200,371,
https://demo.aisec.cn:443/.bzr/,200,371,
https://demo.aisec.cn:443/.bower-cache,200,371,
https://demo.aisec.cn:443/.capistrano,200,371,
https://demo.aisec.cn:443/.asa,200,371,
https://demo.aisec.cn:443/.aliases,200,371,
https://demo.aisec.cn:443/.bzr/readme,200,371,
https://demo.aisec.cn:443/aspx.zip,200,371,
https://demo.aisec.cn:443/do,200,371,
https://demo.aisec.cn:443/.bash_history,200,371,
https://demo.aisec.cn:443/jspx.zip,200,371,
https://demo.aisec.cn:443/.cer,200,371,
https://demo.aisec.cn:443/.buildpath/,200,371,
https://demo.aisec.cn:443/+cscoe+/session_password.html,200,371,
https://demo.aisec.cn:443/.axd,200,371,
https://demo.aisec.cn:443/.agilekeychain,200,371,
https://demo.aisec.cn:443/html,200,371,
https://demo.aisec.cn:443/.buildlog,200,371,
https://demo.aisec.cn:443/.aspnet/dataprotection-keys/,200,371,
https://demo.aisec.cn:443/php.php,200,371,
https://demo.aisec.cn:443/do.tgz,200,371,
https://demo.aisec.cn:443/.agilekeychain.zip,200,371,
https://demo.aisec.cn:443/do.zip,200,371,
https://demo.aisec.cn:443/.cfg,200,371,
https://demo.aisec.cn:443/.cert,200,371,
https://demo.aisec.cn:443/.bundle,200,371,
https://demo.aisec.cn:443/js.tar,200,371,
https://demo.aisec.cn:443/do.tar,200,371,
https://demo.aisec.cn:443/.builds,200,371,
https://demo.aisec.cn:443/.cask,200,371,
https://demo.aisec.cn:443/.babelrc,200,371,
https://demo.aisec.cn:443/.buildpath,200,371,
https://demo.aisec.cn:443/.bootstraprc,200,371,
https://demo.aisec.cn:443/.bundle/,200,371,
https://demo.aisec.cn:443/.ansible/,200,371,
https://demo.aisec.cn:443/php.tar,200,371,
https://demo.aisec.cn:443/.axocover/,200,371,
https://demo.aisec.cn:443/.cc-ban.txt.bak,200,371,
https://demo.aisec.cn:443/.cc-ban.txt,200,371,
https://demo.aisec.cn:443/.c9revisions/,200,371,
https://demo.aisec.cn:443/.blg,200,371,
https://demo.aisec.cn:443/.aws/config,200,371,
https://demo.aisec.cn:443/do.php,200,371,
https://demo.aisec.cn:443/.capistrano/metrics,200,371,
https://demo.aisec.cn:443/jspx.php,200,371,
https://demo.aisec.cn:443/.cache/,200,371,
https://demo.aisec.cn:443/.appledouble,200,371,
https://demo.aisec.cn:443/jsp.zip,200,371,
https://demo.aisec.cn:443/ashx,200,371,
https://demo.aisec.cn:443/.addressbook,200,371,
https://demo.aisec.cn:443/html.tgz,200,371,
https://demo.aisec.cn:443/!.htaccess,200,371,
https://demo.aisec.cn:443/%2e%2e;/test,200,371,
https://demo.aisec.cn:443/.checkignore,200,371,
https://demo.aisec.cn:443/jspx.old,200,371,
https://demo.aisec.cn:443/.c9/,200,371,
https://demo.aisec.cn:443/.apdisk,200,371,
https://demo.aisec.cn:443/.capistrano/,200,371,
https://demo.aisec.cn:443/.cfg/,200,371,
https://demo.aisec.cn:443/aspx.tgz,200,371,
https://demo.aisec.cn:443/.azure-pipelines.yml,200,371,
https://demo.aisec.cn:443/html.bak,200,371,
https://demo.aisec.cn:443/.bzrignore,200,371,
https://demo.aisec.cn:443/%ff,200,371,
https://demo.aisec.cn:443/.bash_prompt,200,371,
https://demo.aisec.cn:443/.cane,200,371,
https://demo.aisec.cn:443/.cgi,200,371,
https://demo.aisec.cn:443/.browserslistrc,200,371,
https://demo.aisec.cn:443/.agignore,200,371,
https://demo.aisec.cn:443/.appledb,200,371,
https://demo.aisec.cn:443/ashx.txt,200,371,
https://demo.aisec.cn:443/.badarg.log,200,371,
https://demo.aisec.cn:443/html.txt,200,371,
https://demo.aisec.cn:443/%c0%ae%c0%ae%c0%af,200,371,
https://demo.aisec.cn:443/.atfp_history,200,371,
https://demo.aisec.cn:443/.asp,200,371,
https://demo.aisec.cn:443/.bash_aliases,200,371,
https://demo.aisec.cn:443/ashx.tgz,200,371,
https://demo.aisec.cn:443/.arcrc,200,371,
https://demo.aisec.cn:443/.c9/metadata/environment/.env,200,371,
https://demo.aisec.cn:443/.bithoundrc,200,371,
https://demo.aisec.cn:443/aspx.php,200,371,
https://demo.aisec.cn:443/.aws/,200,371,
https://demo.aisec.cn:443/.cache,200,371,
https://demo.aisec.cn:443/%2e%2e//google.com,200,15,
https://demo.aisec.cn:443/js.zip,200,371,
https://demo.aisec.cn:443/jsp.tgz,200,371,
https://demo.aisec.cn:443/.chef/config.rb,200,371,
https://demo.aisec.cn:443/.buildignore,200,371,
https://demo.aisec.cn:443/!.gitignore,200,371,
https://demo.aisec.cn:443/ashx.old,200,371,
https://demo.aisec.cn:443/ashx.tar,200,371,
https://demo.aisec.cn:443/.action,200,371,
https://demo.aisec.cn:443/!.htpasswd,200,371,
https://demo.aisec.cn:443/js.txt,200,371,
https://demo.aisec.cn:443/.cfm,200,371,
https://demo.aisec.cn:443/.byebug_history,200,371,
https://demo.aisec.cn:443/.architect,200,371,
https://demo.aisec.cn:443/ashx.php,200,371,
https://demo.aisec.cn:443/aspx,200,371,
https://demo.aisec.cn:443/.admin/,200,371,
https://demo.aisec.cn:443/php.txt,200,371,
https://demo.aisec.cn:443/js.tgz,200,371,
https://demo.aisec.cn:443/aspx.tar,200,371,
https://demo.aisec.cn:443/.cfignore,200,371,
https://demo.aisec.cn:443/.aws/credentials,200,371,
https://demo.aisec.cn:443/.autotest,200,371,
https://demo.aisec.cn:443/.capistrano/metrics/,200,371,
https://demo.aisec.cn:443/.bak_0.log,200,371,
https://demo.aisec.cn:443/.accdb,200,371,
https://demo.aisec.cn:443/.bzr/branch-format,200,371,
https://demo.aisec.cn:443/.analysis_options,200,371,
https://demo.aisec.cn:443/.circleci/config.yml,200,371,
https://demo.aisec.cn:443/.bashrc,200,371,
https://demo.aisec.cn:443/.clang-format,200,371,
https://demo.aisec.cn:443/.checkstyle,200,371,
https://demo.aisec.cn:443/.arclint,200,371,
https://demo.aisec.cn:443/.0,200,371,
https://demo.aisec.cn:443/.chef/knife.rb,200,371,
https://demo.aisec.cn:443/.clang_complete,200,371,
https://demo.aisec.cn:443/.classpath,200,371,
https://demo.aisec.cn:443/.circleci/circle.yml,200,371,
https://demo.aisec.cn:443/.circleci/,200,371,
https://demo.aisec.cn:443/jspx.bak,200,371,
https://demo.aisec.cn:443/php.tgz,200,371,
https://demo.aisec.cn:443/.clcbio/,200,371,
https://demo.aisec.cn:443/.clog.toml,200,371,
https://demo.aisec.cn:443/do.txt,200,371,
https://demo.aisec.cn:443/.composer,200,371,
https://demo.aisec.cn:443/.coafile,200,371,
https://demo.aisec.cn:443/.codeintel,200,371,
https://demo.aisec.cn:443/.codacy.yml,200,371,
https://demo.aisec.cn:443/.codecov.yml,200,371,
https://demo.aisec.cn:443/.codekit-cache,200,371,
https://demo.aisec.cn:443/.codeship.yml,200,371,
https://demo.aisec.cn:443/.conda/,200,371,
https://demo.aisec.cn:443/.codefresh/codefresh.yml,200,371,
https://demo.aisec.cn:443/.codeship.yaml,200,371,
https://demo.aisec.cn:443/.cocoadocs.yml,200,371,
https://demo.aisec.cn:443/.codio,200,371,
https://demo.aisec.cn:443/.cobalt,200,371,
https://demo.aisec.cn:443/.cr/,200,371,
https://demo.aisec.cn:443/.config/yarn/global/yarn.lock,200,371,
https://demo.aisec.cn:443/.csv,200,371,
https://demo.aisec.cn:443/.codeclimate.yml,200,371,
https://demo.aisec.cn:443/.cpan/,200,371,
https://demo.aisec.cn:443/.ctags,200,371,
https://demo.aisec.cn:443/.csslintrc,200,371,
https://demo.aisec.cn:443/.contracts,200,371,
https://demo.aisec.cn:443/.config/karma.conf.coffee,200,371,
https://demo.aisec.cn:443/.config.inc.php.swp,200,371,
https://demo.aisec.cn:443/.coverage,200,371,
https://demo.aisec.cn:443/.csi,200,371,
https://demo.aisec.cn:443/.cpanm/,200,371,
https://demo.aisec.cn:443/.csdp.cache,200,371,
https://demo.aisec.cn:443/.config/psi+/profiles/default/accounts.xml,200,371,
https://demo.aisec.cn:443/.configuration,200,371,
https://demo.aisec.cn:443/.conf,200,371,
https://demo.aisec.cn:443/.curlrc,200,371,
https://demo.aisec.cn:443/.coffeelintignore,200,371,
https://demo.aisec.cn:443/.configuration/,200,371,
https://demo.aisec.cn:443/.coveragerc,200,371,
https://demo.aisec.cn:443/.credentials,200,371,
https://demo.aisec.cn:443/.config/gcloud/configurations/config_default,200,371,
https://demo.aisec.cn:443/.config/gcloud/credentials.db,200,371,
https://demo.aisec.cn:443/.cookiecutterrc,200,371,
https://demo.aisec.cn:443/.cvs,200,371,
https://demo.aisec.cn:443/.core,200,371,
https://demo.aisec.cn:443/.com,200,371,
https://demo.aisec.cn:443/.compile,200,371,
https://demo.aisec.cn:443/.credential,200,371,
https://demo.aisec.cn:443/.cointop/config,200,371,
https://demo.aisec.cn:443/.components/,200,371,
https://demo.aisec.cn:443/.config,200,371,
https://demo.aisec.cn:443/.coveralls.yml,200,371,
https://demo.aisec.cn:443/.config/stripe/config.toml,200,371,
https://demo.aisec.cn:443/.coffee_history,200,371,
https://demo.aisec.cn:443/.config/gcloud/credentials,200,371,
https://demo.aisec.cn:443/.config/filezilla/sitemanager.xml.xml,200,371,
https://demo.aisec.cn:443/.concrete/dev_mode,200,371,
https://demo.aisec.cn:443/.consulo/,200,371,
https://demo.aisec.cn:443/.cvsignore,200,371,
https://demo.aisec.cn:443/.config/,200,371,
https://demo.aisec.cn:443/.cpanel/caches/config/,200,371,
https://demo.aisec.cn:443/.config/karma.conf.ts,200,371,
https://demo.aisec.cn:443/.config/gcloud/access_tokens.db,200,371,
https://demo.aisec.cn:443/.condarc,200,371,
https://demo.aisec.cn:443/.cproject,200,371,
https://demo.aisec.cn:443/.config.php.swp,200,371,
https://demo.aisec.cn:443/.credo.exs,200,371,
https://demo.aisec.cn:443/.configuration.php,200,371,
https://demo.aisec.cn:443/.cshrc,200,371,
https://demo.aisec.cn:443/.data/,200,371,
https://demo.aisec.cn:443/.components,200,371,
https://demo.aisec.cn:443/.configuration.php.swp,200,371,
https://demo.aisec.cn:443/.config/pip/pip.conf,200,371,
https://demo.aisec.cn:443/.coq-native/,200,371,
https://demo.aisec.cn:443/.db,200,371,
https://demo.aisec.cn:443/.cpanel/,200,371,
https://demo.aisec.cn:443/.db.xml,200,371,
https://demo.aisec.cn:443/.cpan,200,371,
https://demo.aisec.cn:443/.crt,200,371,
https://demo.aisec.cn:443/.db3,200,371,
https://demo.aisec.cn:443/.dart_tool/,200,371,
https://demo.aisec.cn:443/.cpcache/,200,371,
https://demo.aisec.cn:443/.controls/,200,371,
https://demo.aisec.cn:443/.db.yaml,200,371,
https://demo.aisec.cn:443/.dbus/,200,371,
https://demo.aisec.cn:443/.dep.inc,200,371,
https://demo.aisec.cn:443/.dbshell,200,371,
https://demo.aisec.cn:443/.deployment,200,371,
https://demo.aisec.cn:443/.depend,200,371,
https://demo.aisec.cn:443/.deploy/values.yaml,200,371,
https://demo.aisec.cn:443/.dir-locals.el,200,371,
https://demo.aisec.cn:443/.dev/,200,371,
https://demo.aisec.cn:443/.dependabot,200,371,
https://demo.aisec.cn:443/.do,200,371,
https://demo.aisec.cn:443/.doc,200,371,
https://demo.aisec.cn:443/.docker/.env,200,371,
https://demo.aisec.cn:443/.docker/,200,371,
https://demo.aisec.cn:443/.directory,200,371,
https://demo.aisec.cn:443/.deployignore,200,371,
https://demo.aisec.cn:443/.docker/laravel/app/.env,200,371,
https://demo.aisec.cn:443/.divzero.log,200,371,
https://demo.aisec.cn:443/.docker,200,371,
https://demo.aisec.cn:443/.elasticbeanstalk/,200,371,
https://demo.aisec.cn:443/.elc,200,371,
https://demo.aisec.cn:443/.editorconfig,200,371,
https://demo.aisec.cn:443/.elb,200,371,
https://demo.aisec.cn:443/.elixir_ls/,200,371,
https://demo.aisec.cn:443/.eggs/,200,371,
https://demo.aisec.cn:443/.emacs,200,371,
https://demo.aisec.cn:443/.emacs.desktop,200,371,
https://demo.aisec.cn:443/.drone.yaml,200,371,
https://demo.aisec.cn:443/.dynamodb/,200,371,
https://demo.aisec.cn:443/.document,200,371,
https://demo.aisec.cn:443/.emails/,200,371,
https://demo.aisec.cn:443/.empty-folder,200,371,
https://demo.aisec.cn:443/.ember-cli,200,371,
https://demo.aisec.cn:443/.dummy,200,371,
https://demo.aisec.cn:443/.emacs.desktop.lock,200,371,
https://demo.aisec.cn:443/.ds_store,200,371,
https://demo.aisec.cn:443/.env,200,371,
https://demo.aisec.cn:443/.ensime,200,371,
https://demo.aisec.cn:443/.eclipse,200,371,
https://demo.aisec.cn:443/.ensime_lucene/,200,371,
https://demo.aisec.cn:443/.env.dev,200,371,
https://demo.aisec.cn:443/.env.backup,200,371,
https://demo.aisec.cn:443/.env-sample,200,371,
https://demo.aisec.cn:443/.ensime_cache/,200,371,
https://demo.aisec.cn:443/.env.development.local,200,371,
https://demo.aisec.cn:443/.docs/,200,371,
https://demo.aisec.cn:443/.env-example,200,371,
https://demo.aisec.cn:443/.env.dist,200,371,
https://demo.aisec.cn:443/.env.php,200,371,
https://demo.aisec.cn:443/.dockercfg,200,371,
https://demo.aisec.cn:443/.dsk,200,371,
https://demo.aisec.cn:443/.env.example,200,371,
https://demo.aisec.cn:443/.env.docker,200,371,
https://demo.aisec.cn:443/.dropbox,200,371,
https://demo.aisec.cn:443/.env.production,200,371,
https://demo.aisec.cn:443/.dockerignore,200,371,
https://demo.aisec.cn:443/.env.docker.dev,200,371,
https://demo.aisec.cn:443/.dropbox.cache,200,371,
https://demo.aisec.cn:443/.dropbox/,200,371,
https://demo.aisec.cn:443/.dump,200,371,
https://demo.aisec.cn:443/.env.dev.local,200,371,
https://demo.aisec.cn:443/.env.development.sample,200,371,
https://demo.aisec.cn:443/.dub,200,371,
https://demo.aisec.cn:443/.drone.jsonnet,200,371,
https://demo.aisec.cn:443/.env.sample.php,200,371,
https://demo.aisec.cn:443/.drone.sec,200,371,
https://demo.aisec.cn:443/.env.production.local,200,371,
https://demo.aisec.cn:443/.dropbox.attr,200,371,
https://demo.aisec.cn:443/.dotfiles.boto,200,371,
https://demo.aisec.cn:443/.env.save,200,371,
https://demo.aisec.cn:443/.env.sample,200,371,
https://demo.aisec.cn:443/.drone.yml,200,371,
https://demo.aisec.cn:443/.env.stage,200,371,
https://demo.aisec.cn:443/.environment,200,371,
https://demo.aisec.cn:443/.env.test.sample,200,371,
https://demo.aisec.cn:443/.env.test.local,200,371,
https://demo.aisec.cn:443/.env.test,200,371,
https://demo.aisec.cn:443/.env.travis,200,371,
https://demo.aisec.cn:443/.error_log,200,371,
https://demo.aisec.cn:443/.envs,200,371,
https://demo.aisec.cn:443/.env.prod,200,371,
https://demo.aisec.cn:443/.eslintrc.yaml,200,371,
https://demo.aisec.cn:443/.eslintrc.yml,200,371,
https://demo.aisec.cn:443/.envrc,200,371,
https://demo.aisec.cn:443/.esformatter,200,371,
https://demo.aisec.cn:443/.env~,200,371,
https://demo.aisec.cn:443/.eslintrc,200,371,
https://demo.aisec.cn:443/.eslintignore,200,371,
https://demo.aisec.cn:443/.eslintcache,200,371,
https://demo.aisec.cn:443/.external/data,200,371,
https://demo.aisec.cn:443/.externalnativebuild,200,371,
https://demo.aisec.cn:443/.env.local,200,371,
https://demo.aisec.cn:443/.extra,200,371,
https://demo.aisec.cn:443/.fetch,200,371,
https://demo.aisec.cn:443/.externaltoolbuilders/,200,371,
https://demo.aisec.cn:443/.env.prod.local,200,371,
https://demo.aisec.cn:443/.fake/,200,371,
https://demo.aisec.cn:443/.filemgr-tmp,200,371,
https://demo.aisec.cn:443/.fhp,200,371,
https://demo.aisec.cn:443/.filezilla/,200,371,
https://demo.aisec.cn:443/.fbcindex,200,371,
https://demo.aisec.cn:443/.filezilla/sitemanager.xml.xml,200,371,
https://demo.aisec.cn:443/.faultread.log,200,371,
https://demo.aisec.cn:443/.filetree,200,371,
https://demo.aisec.cn:443/.firebaserc,200,371,
https://demo.aisec.cn:443/.flake8,200,371,
https://demo.aisec.cn:443/.fishsrv.pl,200,371,
https://demo.aisec.cn:443/.fbprefs,200,371,
https://demo.aisec.cn:443/.exercism,200,371,
https://demo.aisec.cn:443/.fixtures.yml,200,371,
https://demo.aisec.cn:443/.flexlibproperties,200,371,
https://demo.aisec.cn:443/.flac,200,371,
https://demo.aisec.cn:443/.faultreadkernel.log,200,371,
https://demo.aisec.cn:443/.exe,200,371,
https://demo.aisec.cn:443/.fontconfig/,200,371,
https://demo.aisec.cn:443/.finished-upgraders,200,371,
https://demo.aisec.cn:443/.flooignore,200,371,
https://demo.aisec.cn:443/.forktest.log,200,371,
https://demo.aisec.cn:443/.exit.log,200,371,
https://demo.aisec.cn:443/.foodcritic,200,371,
https://demo.aisec.cn:443/.fop/,200,371,
https://demo.aisec.cn:443/.ftp,200,371,
https://demo.aisec.cn:443/.eunit,200,371,
https://demo.aisec.cn:443/.factorypath,200,371,
https://demo.aisec.cn:443/.floo,200,371,
https://demo.aisec.cn:443/.fseventsd,200,371,
https://demo.aisec.cn:443/.flowconfig,200,371,
https://demo.aisec.cn:443/.espressostorage,200,371,
https://demo.aisec.cn:443/.external/,200,371,
https://demo.aisec.cn:443/.exports,200,371,
https://demo.aisec.cn:443/.evg.yml,200,371,
https://demo.aisec.cn:443/.esmtprc,200,371,
https://demo.aisec.cn:443/.ftpconfig,200,371,
https://demo.aisec.cn:443/.ftppass,200,371,
https://demo.aisec.cn:443/.ftp-access,200,371,
https://demo.aisec.cn:443/.formatter.exs,200,371,
https://demo.aisec.cn:443/.functions,200,371,
https://demo.aisec.cn:443/.fuse_hidden,200,371,
https://demo.aisec.cn:443/.ftpquota,200,371,
https://demo.aisec.cn:443/.gdbinit,200,371,
https://demo.aisec.cn:443/.forktree.log,200,371,
https://demo.aisec.cn:443/.gem,200,371,
https://demo.aisec.cn:443/.flv,200,371,
https://demo.aisec.cn:443/.fusebox/,200,371,
https://demo.aisec.cn:443/.gems,200,371,
https://demo.aisec.cn:443/.gemspec,200,371,
https://demo.aisec.cn:443/.gemrc,200,371,
https://demo.aisec.cn:443/.gfclient/pass,200,371,
https://demo.aisec.cn:443/.gemfile,200,371,
https://demo.aisec.cn:443/.gem/credentials,200,371,
https://demo.aisec.cn:443/.ghci,200,371,
https://demo.aisec.cn:443/.gho,200,371,
https://demo.aisec.cn:443/.frlog,200,371,
https://demo.aisec.cn:443/.forward,200,371,
https://demo.aisec.cn:443/.git-rewrite/,200,371,
https://demo.aisec.cn:443/.git-credentials,200,371,
https://demo.aisec.cn:443/.git/branches/,200,371,
https://demo.aisec.cn:443/.git/,200,371,
https://demo.aisec.cn:443/.git/description,200,371,
https://demo.aisec.cn:443/.git,200,371,
https://demo.aisec.cn:443/.git/commit_editmsg,200,371,
https://demo.aisec.cn:443/.git/head,200,371,
https://demo.aisec.cn:443/.git/hooks/pre-commit,200,371,
https://demo.aisec.cn:443/.git/hooks/commit-msg,200,371,
https://demo.aisec.cn:443/.git/config,200,371,
https://demo.aisec.cn:443/.git/fetch_head,200,371,
https://demo.aisec.cn:443/.git/hooks/,200,371,
https://demo.aisec.cn:443/.git/hooks/applypatch-msg,200,371,
https://demo.aisec.cn:443/.git/hooks/pre-applypatch,200,371,
https://demo.aisec.cn:443/.generators,200,371,
https://demo.aisec.cn:443/.git/hooks/pre-push,200,371,
https://demo.aisec.cn:443/.git/hooks/pre-rebase,200,371,
https://demo.aisec.cn:443/.git/hooks/prepare-commit-msg,200,371,
https://demo.aisec.cn:443/.git/index,200,371,
https://demo.aisec.cn:443/.git/hooks/post-update,200,371,
https://demo.aisec.cn:443/.ghc.environment,200,371,
https://demo.aisec.cn:443/.git/logs/head,200,371,
https://demo.aisec.cn:443/.git/hooks/pre-receive,200,371,
https://demo.aisec.cn:443/.git/info/refs,200,371,
https://demo.aisec.cn:443/.git/info/exclude,200,371,
https://demo.aisec.cn:443/.gemtest,200,371,
https://demo.aisec.cn:443/.git/logs/refs/remotes,200,371,
https://demo.aisec.cn:443/.git/logs/,200,371,
https://demo.aisec.cn:443/.git/logs/refs,200,371,
https://demo.aisec.cn:443/.gfclient/,200,371,
https://demo.aisec.cn:443/.git/logs/refs/heads,200,371,
https://demo.aisec.cn:443/.git/logs/refs/heads/master,200,371,
https://demo.aisec.cn:443/.git/logs/refs/remotes/origin,200,371,
https://demo.aisec.cn:443/.git/logs/refs/remotes/origin/head,200,371,
https://demo.aisec.cn:443/.git/logs/refs/remotes/origin/master,200,371,
https://demo.aisec.cn:443/.git/packed-refs,200,371,
https://demo.aisec.cn:443/.git/refs/heads,200,371,
https://demo.aisec.cn:443/.git/refs/heads/master,200,371,
https://demo.aisec.cn:443/.git/refs/remotes,200,371,
https://demo.aisec.cn:443/.git/objects/,200,371,
https://demo.aisec.cn:443/.git/refs/remotes/origin,200,371,
https://demo.aisec.cn:443/.git_release,200,371,
https://demo.aisec.cn:443/.gitconfig,200,371,
https://demo.aisec.cn:443/.git/refs/remotes/origin/head,200,371,
https://demo.aisec.cn:443/.git/objects/info/packs,200,371,
https://demo.aisec.cn:443/.git/info/attributes,200,371,
https://demo.aisec.cn:443/.git/refs/,200,371,
https://demo.aisec.cn:443/.git/hooks/update,200,371,
https://demo.aisec.cn:443/.github/pull_request_template.md,200,371,
https://demo.aisec.cn:443/.github/workflows/ci.yml,200,371,
https://demo.aisec.cn:443/.github/workflows/blank.yml,200,371,
https://demo.aisec.cn:443/.git/info/,200,371,
https://demo.aisec.cn:443/.github/workflows/docker.yml,200,371,
https://demo.aisec.cn:443/.github/workflows/master.yml,200,371,
https://demo.aisec.cn:443/.github/workflows/dependabot.yml,200,371,
https://demo.aisec.cn:443/.github/workflows/maven.yml,200,371,
https://demo.aisec.cn:443/.github/workflows/nodejs.yml,200,371,
https://demo.aisec.cn:443/.github/workflows/publish.yml,200,371,
https://demo.aisec.cn:443/.gitignore.orig,200,371,
https://demo.aisec.cn:443/.gitignore,200,371,
https://demo.aisec.cn:443/.gitk,200,371,
https://demo.aisec.cn:443/.gitlab,200,371,
https://demo.aisec.cn:443/.gitignore.swp,200,371,
https://demo.aisec.cn:443/.gitlab-ci.yml,200,371,
https://demo.aisec.cn:443/.gitignore/,200,371,
https://demo.aisec.cn:443/.gitlab-ci.off.yml,200,371,
https://demo.aisec.cn:443/.gitignore~,200,371,
https://demo.aisec.cn:443/.git/refs/tags,200,371,
https://demo.aisec.cn:443/.gitattributes,200,371,
https://demo.aisec.cn:443/.gitkeep,200,371,
https://demo.aisec.cn:443/.gitignore_global,200,371,
https://demo.aisec.cn:443/.git2/,200,371,
https://demo.aisec.cn:443/.gitlab/issue_templates,200,371,
https://demo.aisec.cn:443/.gitlab/merge_request_templates,200,371,
https://demo.aisec.cn:443/.gitlab/route-map.yml,200,371,
https://demo.aisec.cn:443/.git/refs/remotes/origin/master,200,371,
https://demo.aisec.cn:443/.gitlab-ci/.env,200,371,
https://demo.aisec.cn:443/.gitreview,200,371,
https://demo.aisec.cn:443/.gitchangelog.rc,200,371,
https://demo.aisec.cn:443/.github/issue_template.md,200,371,
https://demo.aisec.cn:443/.gitmodules,200,371,
https://demo.aisec.cn:443/.github/,200,371,
https://demo.aisec.cn:443/.gnome/,200,371,
https://demo.aisec.cn:443/.gnupg/,200,371,
https://demo.aisec.cn:443/.gnupg/trustdb.gpg,200,371,
https://demo.aisec.cn:443/.gradle/gradle.properties,200,371,
https://demo.aisec.cn:443/.gradletasknamecache,200,371,
https://demo.aisec.cn:443/.gradle/,200,371,
https://demo.aisec.cn:443/.gradle,200,371,
https://demo.aisec.cn:443/.goreleaser.yml,200,371,
https://demo.aisec.cn:443/.gphoto/,200,371,
https://demo.aisec.cn:443/.godir,200,371,
https://demo.aisec.cn:443/.google.token,200,371,
https://demo.aisec.cn:443/.grunt/,200,371,
https://demo.aisec.cn:443/.helm/repository/repositories.yaml,200,371,
https://demo.aisec.cn:443/.golangci.yml,200,371,
https://demo.aisec.cn:443/.helm/values.conf,200,371,
https://demo.aisec.cn:443/.hello.log,200,371,
https://demo.aisec.cn:443/.hg,200,371,
https://demo.aisec.cn:443/.hg/,200,371,
https://demo.aisec.cn:443/.helm/values.yaml,200,371,
https://demo.aisec.cn:443/.hg/requires,200,371,
https://demo.aisec.cn:443/.hg/hgrc,200,371,
https://demo.aisec.cn:443/.hg/branch,200,371,
https://demo.aisec.cn:443/.hg/dirstate,200,371,
https://demo.aisec.cn:443/.hg/store/data/,200,371,
https://demo.aisec.cn:443/.hg/store/undo,200,371,
https://demo.aisec.cn:443/.hg_archival.txt,200,371,
https://demo.aisec.cn:443/.hg/undo.dirstate,200,371,
https://demo.aisec.cn:443/.grunt,200,371,
https://demo.aisec.cn:443/.guile_history,200,371,
https://demo.aisec.cn:443/.hgsigs,200,371,
https://demo.aisec.cn:443/.hgignore.global,200,371,
https://demo.aisec.cn:443/.hgsubstate,200,371,
https://demo.aisec.cn:443/.hgtags,200,371,
https://demo.aisec.cn:443/.hgignore,200,371,
https://demo.aisec.cn:443/.hgrc,200,371,
https://demo.aisec.cn:443/.hash,200,371,
https://demo.aisec.cn:443/.gz,200,371,
https://demo.aisec.cn:443/.hound.yml,200,371,
https://demo.aisec.cn:443/.hgsub,200,371,
https://demo.aisec.cn:443/.history,200,371,
https://demo.aisec.cn:443/.ht_wsr.txt,200,371,
https://demo.aisec.cn:443/.gwt-tmp/,200,371,
https://demo.aisec.cn:443/.gtkrc,200,371,
https://demo.aisec.cn:443/.htaccess-dev,200,371,
https://demo.aisec.cn:443/.hhconfig,200,371,
https://demo.aisec.cn:443/.gwt/,200,371,
https://demo.aisec.cn:443/.hsdoc,200,371,
https://demo.aisec.cn:443/.htaccess-marco,200,371,
https://demo.aisec.cn:443/.gvimrc,200,371,
https://demo.aisec.cn:443/.htaccess,200,371,
https://demo.aisec.cn:443/.htaccess.bak,200,371,
https://demo.aisec.cn:443/.hta,200,371,
https://demo.aisec.cn:443/.hsenv,200,371,
https://demo.aisec.cn:443/.htaccess-local,200,371,
https://demo.aisec.cn:443/.htaccess.bak1,200,371,
https://demo.aisec.cn:443/.htaccess.old,200,371,
https://demo.aisec.cn:443/.htaccess.save,200,371,
https://demo.aisec.cn:443/.htaccess.inc,200,371,
https://demo.aisec.cn:443/.htaccess/,200,371,
https://demo.aisec.cn:443/.htaccess.orig,200,371,
https://demo.aisec.cn:443/.htaccess.sample,200,371,
https://demo.aisec.cn:443/.htaccess_orig,200,371,
https://demo.aisec.cn:443/.htaccess_extra,200,371,
https://demo.aisec.cn:443/.htaccessold,200,371,
https://demo.aisec.cn:443/.htaccess.txt,200,371,
https://demo.aisec.cn:443/.htaccess_sc,200,371,
https://demo.aisec.cn:443/.htaccessbak,200,371,
https://demo.aisec.cn:443/.hpc,200,371,
https://demo.aisec.cn:443/.htaccessold2,200,371,
https://demo.aisec.cn:443/.htf/,200,371,
https://demo.aisec.cn:443/.htgroup,200,371,
https://demo.aisec.cn:443/.htaccess~,200,371,
https://demo.aisec.cn:443/.histfile,200,371,
https://demo.aisec.cn:443/.htpasswd.inc,200,371,
https://demo.aisec.cn:443/.html,200,371,
https://demo.aisec.cn:443/.htpasswd,200,371,
https://demo.aisec.cn:443/.htpasswd-old,200,371,
https://demo.aisec.cn:443/.htpasswd.bak,200,371,
https://demo.aisec.cn:443/.htm,200,371,
https://demo.aisec.cn:443/.htpasswd_test,200,371,
https://demo.aisec.cn:443/.htpasswds,200,371,
https://demo.aisec.cn:443/.htpasswd/,200,371,
https://demo.aisec.cn:443/.httr-oauth,200,371,
https://demo.aisec.cn:443/.hushlogin,200,371,
https://demo.aisec.cn:443/.iceauthority,200,371,
https://demo.aisec.cn:443/.hypothesis/,200,371,
https://demo.aisec.cn:443/.htusers,200,371,
